City_ID,City,Country,Lat,Lng,Max Temp,Humidity,Cloudiness,Wind Speed,Current Description
0,Geraldton,AU,-28.7667,114.6,93.61,31,40,25.32,scattered clouds
1,Thompson,CA,55.7435,-97.8558,-0.24,85,100,3.44,overcast clouds
2,Rikitea,PF,-23.1203,-134.9692,78.37,71,75,12.5,broken clouds
3,Puerto Ayora,EC,-0.7393,-90.3518,76.55,94,51,4.0,broken clouds
4,Mareeba,AU,-17.0,145.4333,79.52,83,97,5.66,overcast clouds
5,Gijon,ES,43.5357,-5.6615,60.26,71,100,7.0,overcast clouds
6,Seoul,KR,37.5683,126.9778,26.11,30,40,17.27,scattered clouds
7,Riyadh,SA,24.6877,46.7219,71.74,14,0,2.3,clear sky
8,Saint George,US,37.1041,-113.5841,51.64,43,0,8.05,clear sky
9,Saldanha,ZA,-33.0117,17.9442,75.25,83,2,19.95,clear sky
10,Srednekolymsk,RU,67.45,153.6833,-30.89,100,16,1.41,few clouds
11,Port Alfred,ZA,-33.5906,26.891,75.54,84,83,19.98,light rain
12,Baker City,US,44.7749,-117.8344,32.83,93,0,4.61,clear sky
13,Barrow,US,71.2906,-156.7887,-20.18,69,100,12.66,haze
14,Karratha,AU,-20.7377,116.8463,94.26,46,6,14.67,clear sky
15,Vaini,TO,-21.2,-175.2,77.16,94,20,6.91,few clouds
16,Ushuaia,AR,-54.8,-68.3,37.06,81,75,5.75,broken clouds
17,Jamestown,US,42.097,-79.2353,32.72,49,0,13.8,clear sky
18,Hay River,CA,60.8156,-115.7999,-34.62,74,0,2.3,clear sky
19,Bilma,NE,18.6853,12.9164,71.62,11,0,11.05,clear sky
20,Hithadhoo,MV,-0.6,73.0833,83.14,68,98,16.24,overcast clouds
21,Abapo,BO,-18.8333,-63.4667,69.58,68,93,0.92,overcast clouds
22,Warrnambool,AU,-38.3833,142.4833,66.81,72,100,7.02,light rain
23,Oistins,BB,13.0667,-59.5333,77.09,73,40,26.46,scattered clouds
24,Airai,TL,-8.9266,125.4092,68.67,74,88,2.44,overcast clouds
25,Port-Gentil,GA,-0.7193,8.7815,84.16,74,20,11.5,few clouds
26,Albany,US,42.6001,-73.9662,19.31,77,18,3.27,few clouds
27,Mazara Del Vallo,IT,37.6641,12.588,54.0,70,92,20.09,overcast clouds
28,Victoria,HK,22.2855,114.1577,69.76,74,88,15.99,overcast clouds
29,Hasaki,JP,35.7333,140.8333,48.6,47,47,7.65,scattered clouds
30,Mahebourg,MU,-20.4081,57.7,85.24,100,75,11.5,light rain
31,Beira,MZ,-19.8436,34.8389,82.49,83,75,11.5,broken clouds
32,Busselton,AU,-33.65,115.3333,95.09,34,0,18.45,clear sky
33,Bathsheba,BB,13.2167,-59.5167,77.61,73,40,26.46,scattered clouds
34,Kiunga,PG,-6.1219,141.2906,85.48,73,62,0.89,light rain
35,Hilo,US,19.7297,-155.09,69.39,73,75,6.91,broken clouds
36,Roma,US,43.2128,-75.4557,25.84,74,20,9.22,few clouds
37,Goderich,CA,43.7501,-81.7165,27.91,63,100,19.57,overcast clouds
38,Vao,NC,-22.6667,167.4833,79.43,82,38,22.41,scattered clouds
39,Lekoni,GA,-1.5843,14.2591,77.65,72,100,4.0,overcast clouds
40,Nizhnevartovsk,RU,60.9344,76.5531,-7.58,77,0,4.47,clear sky
41,Turinsk,RU,58.0458,63.696,23.4,87,85,8.79,overcast clouds
42,Mandalgovi,MN,45.7625,106.2708,12.24,61,100,14.18,overcast clouds
43,Nikolskoye,RU,59.7035,30.7861,37.4,91,97,9.37,overcast clouds
44,Seryshevo,RU,51.0933,128.3786,8.31,93,100,3.98,overcast clouds
45,Puerto Rico,AR,-26.796,-55.024,63.14,51,0,0.67,clear sky
46,Te Anau,NZ,-45.4167,167.7167,59.76,77,9,2.39,clear sky
47,Kapaa,US,22.0752,-159.319,71.92,82,20,16.11,few clouds
48,Gallup,US,35.5281,-108.7426,34.02,32,0,3.44,clear sky
49,Hailun,CN,47.45,126.9333,13.41,91,100,7.76,overcast clouds
50,Kodiak,US,57.79,-152.4072,44.11,76,40,13.8,scattered clouds
51,Hamilton,US,39.1834,-84.5333,49.78,56,75,13.8,broken clouds
52,Arraial Do Cabo,BR,-22.9661,-42.0278,75.24,86,96,7.65,overcast clouds
53,Tura,IN,25.5198,90.2201,75.69,28,0,6.46,clear sky
54,Dingle,PH,10.9995,122.6711,84.09,62,73,11.5,broken clouds
55,Tasiilaq,GL,65.6145,-37.6368,28.56,91,100,26.13,light snow
56,Yellowknife,CA,62.456,-114.3525,-30.48,75,0,8.05,clear sky
57,Lebu,CL,-37.6167,-73.65,52.88,90,3,7.36,clear sky
58,Sao Filipe,CV,14.8961,-24.4956,73.51,62,98,11.25,overcast clouds
59,Aksu,CN,41.1231,80.2644,39.87,36,82,3.65,broken clouds
60,Talara,PE,-4.5772,-81.2719,73.38,74,90,13.6,overcast clouds
61,Kota Kinabalu,MY,5.9749,116.0724,87.78,70,20,4.61,few clouds
62,Rocha,UY,-34.4833,-54.3333,61.68,74,0,7.18,clear sky
63,Barentu,ER,15.1139,37.5928,77.58,42,4,5.77,clear sky
64,Moussoro,TD,13.6408,16.4901,79.29,11,7,15.57,clear sky
65,Chokurdakh,RU,70.6333,147.9167,-34.96,100,10,2.48,clear sky
66,Halifax,CA,44.6453,-63.5724,10.47,77,5,11.99,clear sky
67,Hermanus,ZA,-34.4187,19.2345,71.91,83,94,10.92,light rain
68,Carballo,ES,43.213,-8.691,56.89,91,100,10.13,overcast clouds
69,Chizhou,CN,30.6578,117.4831,47.05,71,100,11.83,overcast clouds
70,Fonte Boa,BR,-2.4959,-66.2662,71.62,99,58,2.44,broken clouds
71,Upernavik,GL,72.7868,-56.1549,-15.21,94,100,13.42,overcast clouds
72,Rabaul,PG,-4.1967,152.1721,77.41,87,100,3.69,light rain
73,Qaanaaq,GL,77.484,-69.3632,-20.74,92,100,5.41,overcast clouds
74,Bluff,NZ,-46.6,168.3333,55.33,75,0,4.76,clear sky
75,Umm Kaddadah,SD,13.6017,26.6876,73.2,14,4,20.67,clear sky
76,Port Hedland,AU,-20.3167,118.5667,95.05,55,10,17.27,clear sky
77,Tuktoyaktuk,CA,69.4541,-133.0374,-24.52,99,91,11.95,overcast clouds
78,Port Blair,IN,11.6667,92.75,78.84,83,75,11.5,heavy intensity rain
79,Skive,DK,56.5667,9.0333,39.72,94,100,3.0,light rain
80,Garmsar,IR,35.2182,52.3409,53.02,37,55,7.34,broken clouds
81,New Norfolk,AU,-42.7826,147.0587,71.1,46,99,3.0,overcast clouds
82,Lompoc,US,34.6391,-120.4579,52.57,74,0,18.99,clear sky
83,Angoram,PG,-4.0625,144.0661,81.01,86,49,3.83,scattered clouds
84,Bardiyah,LY,31.7561,25.0865,56.52,70,93,6.8,overcast clouds
85,Cidreira,BR,-30.1811,-50.2056,69.53,83,0,9.17,clear sky
86,Mataura,NZ,-46.1927,168.8643,52.88,71,0,1.88,clear sky
87,Taoudenni,ML,22.6783,-3.9836,63.61,22,100,18.45,overcast clouds
88,Klaksvik,FO,62.2266,-6.589,32.92,98,100,17.54,snow
89,Fort Nelson,CA,58.8053,-122.7002,-4.41,84,100,3.44,light snow
90,Taltal,CL,-25.4,-70.4833,65.66,83,15,1.79,few clouds
91,Saskylakh,RU,71.9167,114.0833,-29.94,99,11,6.58,few clouds
92,Chlorakas,CY,34.8042,32.4083,61.83,66,20,5.75,few clouds
93,Bredasdorp,ZA,-34.5322,20.0403,66.27,88,100,9.22,light rain
94,Barranca De Upia,CO,4.5696,-72.9668,76.68,60,52,2.01,broken clouds
95,Vila Franca Do Campo,PT,37.7167,-25.4333,62.2,86,71,9.62,broken clouds
96,Waingapu,ID,-9.6567,120.2641,85.23,68,90,7.61,overcast clouds
97,Pangnirtung,CA,66.1451,-65.7125,-34.22,97,98,2.68,overcast clouds
98,Yulara,AU,-25.2406,130.9889,98.44,15,2,11.5,clear sky
99,Hobart,AU,-42.8794,147.3294,71.46,60,75,17.27,broken clouds
100,Kavieng,PG,-2.5744,150.7967,82.45,75,78,9.66,light rain
101,Cayenne,GF,4.9333,-52.3333,78.1,87,75,5.99,mist
102,Benguela,AO,-12.5763,13.4055,81.14,64,97,4.76,overcast clouds
103,Inhambane,MZ,-23.865,35.3833,87.78,58,40,13.8,scattered clouds
104,Kendari,ID,-3.945,122.4989,83.66,75,25,3.2,scattered clouds
105,Ambositra,MG,-20.5167,47.25,70.99,76,100,13.31,overcast clouds
106,Atuona,PF,-9.8,-139.0333,77.94,78,4,16.75,clear sky
107,Bethel,US,41.3712,-73.414,25.48,71,0,1.01,clear sky
108,Holguin,CU,20.8872,-76.2631,69.3,94,40,4.61,scattered clouds
109,Zhezkazgan,KZ,47.8043,67.7144,4.98,78,75,0.0,broken clouds
110,Gushikawa,JP,26.3544,127.8686,60.8,68,100,13.8,overcast clouds
111,Torbay,CA,47.6666,-52.7314,13.57,78,40,20.71,scattered clouds
112,Narsaq,GL,60.9167,-46.05,5.22,85,13,5.08,few clouds
113,Lac Du Bonnet,CA,50.2536,-96.0612,-1.75,100,100,5.75,overcast clouds
114,Dikson,RU,73.5069,80.5464,-18.49,88,100,3.49,overcast clouds
115,Umm Lajj,SA,25.0213,37.2685,71.13,47,0,11.03,clear sky
116,Boden,SE,65.8252,21.6886,17.6,89,100,9.04,overcast clouds
117,San Andres,CO,12.5847,-81.7006,80.62,69,20,16.11,few clouds
118,Cabo San Lucas,MX,22.8909,-109.9124,69.51,50,3,7.0,clear sky
119,Cherskiy,RU,68.75,161.3,-34.55,100,79,2.8,broken clouds
120,Labrea,BR,-7.2586,-64.7981,71.96,99,100,1.45,overcast clouds
121,Thatta,PK,24.7475,67.9235,85.51,16,0,3.2,clear sky
122,Honningsvag,NO,70.9821,25.9704,27.93,62,93,14.88,snow
123,Mehamn,NO,71.0357,27.8492,30.11,86,40,8.05,light snow
124,Parabel,RU,58.6978,81.4825,5.02,88,100,5.59,overcast clouds
125,Saint-Philippe,RE,-21.3585,55.7679,85.59,83,55,14.61,light rain
126,Tiksi,RU,71.6872,128.8694,-22.25,99,38,2.19,scattered clouds
127,Atar,MR,20.5169,-13.0499,63.05,25,79,10.87,broken clouds
128,Fairbanks,US,64.8378,-147.7164,-2.76,75,0,1.01,haze
129,Lianran,CN,24.9227,102.485,64.94,18,0,16.96,clear sky
130,Maniitsoq,GL,65.4167,-52.9,0.3,92,100,5.95,overcast clouds
131,Tiznit,MA,29.5833,-9.5,57.49,34,0,6.13,clear sky
132,Jinka,ET,5.65,36.65,83.05,29,48,1.52,scattered clouds
133,Kruisfontein,ZA,-34.0033,24.7314,70.88,73,28,24.47,scattered clouds
134,Akureyri,IS,65.6835,-18.0878,31.93,93,100,11.5,overcast clouds
135,Qeshm,IR,26.9581,56.2719,76.89,51,0,4.14,clear sky
136,Tsurugi,JP,36.45,136.6333,35.29,69,100,19.15,snow
137,Bambous Virieux,MU,-20.3428,57.7575,85.21,100,75,11.5,light rain
138,Punta Arenas,CL,-53.15,-70.9167,37.51,81,20,8.05,few clouds
139,Clyde River,CA,70.4692,-68.5914,-36.17,67,0,3.44,clear sky
140,Laguna,US,38.421,-121.4238,55.69,37,0,16.11,clear sky
141,Souillac,MU,-20.5167,57.5167,85.35,100,75,11.5,light rain
142,Asfi,MA,32.2994,-9.2372,51.67,74,0,15.66,clear sky
143,Shingu,JP,33.7333,135.9833,41.99,47,23,14.54,few clouds
144,Kaitangata,NZ,-46.2817,169.8464,55.92,72,0,3.4,clear sky
145,Norman Wells,CA,65.282,-126.8329,-36.36,67,0,3.44,clear sky
146,Husavik,IS,66.0449,-17.3389,31.91,77,100,27.67,overcast clouds
147,Fortuna,US,40.5982,-124.1573,46.33,90,0,8.05,clear sky
148,Gerash,IR,27.6652,54.1371,66.34,31,0,2.48,clear sky
149,Samarai,PG,-10.6167,150.6667,81.86,79,100,8.03,moderate rain
150,Mercedes,AR,-34.6515,-59.4307,71.83,50,0,8.28,clear sky
151,Podgornoye,RU,51.735,39.1496,26.82,80,0,8.95,clear sky
152,Hervey Bay,AU,-25.2986,152.8535,78.03,71,14,8.99,few clouds
153,Sioux Lookout,CA,50.1001,-91.917,14.38,92,100,4.61,overcast clouds
154,Sechura,PE,-5.5569,-80.8222,72.46,74,93,11.74,overcast clouds
155,Aksum,ET,14.1245,38.7244,74.39,23,1,2.84,clear sky
156,Sinjar,IQ,36.3209,41.8754,54.5,43,52,2.19,broken clouds
157,Cape Town,ZA,-33.9258,18.4232,73.11,72,75,18.41,broken clouds
158,Tilichiki,RU,60.4667,166.1,-17.0,92,7,10.98,clear sky
159,Chuy,UY,-33.6971,-53.4616,63.05,91,0,6.53,heavy intensity rain
160,Ust-Tsilma,RU,65.441,52.1498,20.79,91,100,4.36,overcast clouds
161,Santo Antonio Do Monte,BR,-20.0872,-45.2936,63.19,95,78,6.6,broken clouds
162,Amapa,BR,1.0,-52.0,70.02,100,100,1.63,overcast clouds
163,Lasa,IT,46.6166,10.7002,33.26,60,100,2.91,overcast clouds
164,Mardin,TR,37.3131,40.7436,51.06,38,0,3.44,clear sky
165,Mount Isa,AU,-20.7333,139.5,92.97,33,40,12.66,scattered clouds
166,Kanniyakumari,IN,8.0833,77.5667,85.64,56,15,13.98,few clouds
167,Novobirilyussy,RU,56.9514,90.6661,15.69,83,100,9.24,overcast clouds
168,Hokitika,NZ,-42.7167,170.9667,60.1,87,0,2.62,clear sky
169,Marawi,PH,7.9986,124.2928,74.64,77,100,6.42,overcast clouds
170,Cockburn Town,TC,21.4612,-71.1419,76.62,77,11,25.55,few clouds
171,Wangaratta,AU,-36.3667,146.3333,92.3,29,40,13.8,scattered clouds
172,Buin,CL,-33.7333,-70.75,68.05,70,0,1.86,clear sky
173,Malakal,SS,9.5334,31.6605,88.5,12,2,11.92,clear sky
174,Kabinda,CD,-6.1333,24.4833,68.79,91,100,2.66,light rain
175,Kizema,RU,61.113,44.8302,28.15,89,100,11.79,overcast clouds
176,Nambucca Heads,AU,-30.65,153.0,75.2,71,4,9.93,clear sky
177,Mombetsu,JP,44.3525,143.3525,21.63,82,99,9.08,overcast clouds
178,Aitape,PG,-3.1374,142.3475,82.18,79,100,3.91,overcast clouds
179,Teguise,ES,29.0605,-13.564,57.42,72,20,10.36,few clouds
180,Ambilobe,MG,-13.2,49.05,87.28,66,27,2.98,light rain
181,Najran,SA,17.4924,44.1277,72.25,23,0,4.03,clear sky
182,Miraflores,MX,19.2167,-98.8083,60.03,62,60,2.91,broken clouds
183,Georgetown,MY,5.4112,100.3354,89.53,73,40,9.22,scattered clouds
184,Zhangjiakou,CN,40.81,114.8794,15.44,57,3,2.15,clear sky
185,Meulaboh,ID,4.1363,96.1285,79.86,76,100,2.48,moderate rain
186,Sinop,TR,41.7711,34.8709,41.43,81,6,3.98,clear sky
187,Sur,OM,22.5667,59.5289,76.21,46,0,6.85,clear sky
188,Oyama,JP,36.3,139.8,49.03,27,72,7.0,broken clouds
189,Vuyyuru,IN,16.3667,80.85,84.33,58,40,6.91,scattered clouds
190,Rorvik,NO,64.8621,11.2373,26.58,64,100,25.39,overcast clouds
191,Okhotsk,RU,59.3833,143.3,6.93,80,99,8.97,overcast clouds
192,Kalmunai,LK,7.4167,81.8167,81.95,63,66,13.42,broken clouds
193,Avarua,CK,-21.2078,-159.775,78.85,89,75,13.8,broken clouds
194,Bogo,PH,11.0517,124.0055,82.9,68,74,6.38,broken clouds
195,Acapulco,MX,16.8634,-99.8901,75.02,88,0,0.0,clear sky
196,Chimore,BO,-16.9833,-65.1333,71.35,97,100,1.74,overcast clouds
197,Kieta,PG,-6.2167,155.6333,78.84,83,100,2.89,light rain
198,Vila,PT,42.0304,-8.1588,45.32,95,100,5.82,overcast clouds
199,Grand Gaube,MU,-20.0064,57.6608,85.37,69,82,10.0,broken clouds
200,Caravelas,BR,-17.7125,-39.2481,75.16,93,97,4.63,overcast clouds
201,Lagoa,PT,39.05,-27.9833,61.77,82,48,21.07,scattered clouds
202,Sistranda,NO,63.7256,8.834,33.91,70,77,8.86,broken clouds
203,Bengkulu,ID,-3.8004,102.2655,86.04,61,21,7.85,few clouds
204,Butaritari,KI,3.0707,172.7902,82.33,77,12,17.87,few clouds
205,Longyearbyen,SJ,78.2186,15.6401,8.44,92,75,8.05,broken clouds
206,San Quintin,MX,30.4833,-115.95,55.83,69,100,17.81,overcast clouds
207,Arlit,NE,18.7369,7.3853,76.41,9,100,3.71,overcast clouds
208,Touros,BR,-5.1989,-35.4608,74.3,77,42,8.14,scattered clouds
209,Minot,US,48.2325,-101.2963,20.39,73,100,14.97,overcast clouds
210,Poplar Bluff,US,36.757,-90.3929,50.63,57,40,9.22,scattered clouds
211,Abbeville,FR,50.1,1.8333,54.5,93,100,24.16,overcast clouds
212,Mar Del Plata,AR,-38.0023,-57.5575,71.1,76,0,15.01,clear sky
213,Gibsons,CA,49.3997,-123.5027,46.4,90,100,5.01,overcast clouds
214,Stonewall,CA,50.1344,-97.3268,8.94,96,99,8.32,overcast clouds
215,Kavaratti,IN,10.5669,72.642,80.71,68,14,8.79,few clouds
216,Port Elizabeth,ZA,-33.918,25.5701,73.69,83,20,26.46,few clouds
217,Valsad,IN,20.6333,72.9333,84.15,41,0,8.72,clear sky
218,Nanning,CN,22.8167,108.3167,57.65,91,100,4.23,overcast clouds
219,Castro,BR,-24.7911,-50.0119,61.99,94,93,5.5,overcast clouds
220,Vuktyl,RU,63.8567,57.3094,21.51,91,100,9.93,overcast clouds
221,Isangel,VU,-19.55,169.2667,79.83,83,2,6.64,clear sky
222,Krutinka,RU,56.0055,71.5113,10.24,89,53,8.48,broken clouds
223,Baruun-Urt,MN,46.6806,113.2792,1.13,79,27,7.16,scattered clouds
224,Deputatskiy,RU,69.3,139.9,-24.23,98,13,1.36,few clouds
225,Aklavik,CA,68.2191,-135.0107,-26.57,98,16,4.43,few clouds
226,Petropavlovsk-Kamchatskiy,RU,53.0452,158.6483,23.59,58,75,13.42,light snow
227,Bairiki,KI,1.3292,172.9752,82.4,74,75,5.75,broken clouds
228,Miracema Do Tocantins,BR,-9.5618,-48.3967,72.32,96,97,0.94,moderate rain
229,Namanga,KE,-2.5433,36.7905,79.66,48,5,2.86,clear sky
230,Sorland,NO,67.667,12.6934,31.86,48,100,28.41,overcast clouds
231,Aloleng,PH,16.1307,119.7824,80.96,73,25,12.71,scattered clouds
232,Zyryanka,RU,65.75,150.85,-29.07,100,14,2.48,few clouds
233,Vardo,NO,70.3705,31.1107,28.38,93,40,17.27,scattered clouds
234,Asau,RO,46.4333,26.4,48.4,68,65,2.84,broken clouds
235,Coihaique,CL,-45.5752,-72.0662,47.01,71,100,4.61,overcast clouds
236,Broome,US,42.2506,-75.833,23.7,69,0,8.05,clear sky
237,Andijon,UZ,40.7821,72.3442,43.95,61,20,6.91,few clouds
238,Kenai,US,60.5544,-151.2583,31.03,98,100,12.66,mist
239,Coahuayana,MX,18.7333,-103.6833,68.99,72,0,3.36,clear sky
240,Khuzhir,RU,53.1939,107.3397,2.52,89,94,9.35,overcast clouds
241,Camalu,MX,30.85,-116.0667,49.42,66,100,14.0,overcast clouds
242,Fukue,JP,32.6881,128.8419,39.56,60,75,14.97,broken clouds
243,Ponta Do Sol,PT,32.6667,-17.1,62.06,66,17,8.28,few clouds
244,Kyabe,TD,9.4515,18.9449,88.0,9,5,11.21,clear sky
245,Guerrero Negro,MX,27.9769,-114.0611,60.44,69,87,11.36,overcast clouds
246,Whitehorse,CA,60.7161,-135.0538,18.37,93,75,3.44,broken clouds
247,Jiayuguan,CN,39.8167,98.3,32.23,52,100,3.8,overcast clouds
248,Dehui,CN,44.5333,125.7,10.71,74,100,9.51,overcast clouds
249,Palmeira Das Missoes,BR,-27.8994,-53.3136,56.28,65,0,6.15,clear sky
250,Tuatapere,NZ,-46.1333,167.6833,52.56,81,4,2.71,clear sky
251,East London,ZA,-33.0153,27.9116,76.14,88,20,13.8,few clouds
252,Humberto De Campos,BR,-2.5983,-43.4611,73.9,95,100,4.45,overcast clouds
253,Kavali,IN,14.9167,79.9833,82.72,53,100,11.86,overcast clouds
254,Iracoubo,GF,5.4802,-53.2011,75.79,88,100,14.09,overcast clouds
255,Terme,TR,41.2092,36.9739,50.97,53,1,1.81,clear sky
256,Santarem,BR,-2.4431,-54.7083,73.53,100,75,0.0,broken clouds
257,Beringovskiy,RU,63.05,179.3167,-10.39,93,100,16.31,overcast clouds
258,Pevek,RU,69.7008,170.3133,-24.09,100,100,5.21,overcast clouds
259,Baijiantan,CN,45.6333,85.1833,27.52,60,95,6.58,overcast clouds
260,College,US,64.8569,-147.8028,-2.78,75,20,0.0,haze
261,Sycow,PL,51.3081,17.7198,44.38,73,100,16.2,overcast clouds
262,Son La,VN,21.3167,103.9,76.93,57,96,2.39,overcast clouds
263,San Patricio,US,28.017,-97.5169,66.29,88,85,16.75,overcast clouds
264,Mandeville,JM,18.0417,-77.5071,69.85,91,10,5.66,clear sky
265,Isla Mujeres,MX,21.2311,-86.731,75.25,76,44,16.37,scattered clouds
266,Aguas Belas,BR,-9.1114,-37.1231,69.69,79,1,3.6,clear sky
267,Shahpur,IN,16.7,76.8333,87.3,27,2,6.11,clear sky
268,Ganzhou,CN,28.8184,115.4327,50.92,75,100,6.8,overcast clouds
269,Kincardine,GB,56.0667,-3.7167,50.27,85,80,23.22,broken clouds
270,Haukipudas,FI,65.1765,25.3523,24.85,93,99,11.12,light snow
271,Hovd,MN,48.0056,91.6419,11.12,55,10,1.07,clear sky
272,Camana,PE,-16.6228,-72.7111,69.73,85,100,5.03,overcast clouds
273,Hambantota,LK,6.1241,81.1185,89.94,51,20,5.75,few clouds
274,Barabash,RU,43.2,131.4833,15.48,68,100,11.74,overcast clouds
275,Chifeng,CN,42.2683,118.9636,11.5,50,0,13.6,clear sky
276,Alzamay,RU,55.5562,98.6644,8.94,90,100,3.74,light snow
277,Carnarvon,AU,-24.8667,113.6333,98.67,44,55,14.97,broken clouds
278,Cabedelo,BR,-6.9811,-34.8339,75.87,73,61,7.85,broken clouds
279,Bud,US,39.447,-86.1758,51.85,57,100,16.69,overcast clouds
280,Tres Lagoas,BR,-20.7511,-51.6783,72.61,80,6,3.8,clear sky
281,Saint Anthony,US,45.0205,-93.218,28.24,85,0,4.61,mist
282,Utete,TZ,-7.986,38.758,85.62,67,100,1.68,overcast clouds
283,Jos,NG,9.9167,8.9,76.14,13,4,4.81,clear sky
284,Kalawit,PH,8.0667,122.5167,82.58,68,12,13.91,few clouds
285,Santa Rosa Del Sur,CO,7.9644,-74.0544,68.94,77,86,2.51,overcast clouds
286,Araouane,ML,18.9048,-3.5265,62.69,26,100,15.21,overcast clouds
287,Mnogovershinnyy,RU,53.9353,139.9242,2.25,95,100,5.1,overcast clouds
288,Yar-Sale,RU,66.8333,70.8333,-3.87,97,100,11.5,overcast clouds
289,La Ronge,CA,55.1001,-105.2842,-12.75,70,0,13.8,clear sky
290,San Cristobal,VE,7.7669,-72.225,62.92,89,100,0.81,overcast clouds
291,Richards Bay,ZA,-28.783,32.0377,85.59,56,2,14.47,clear sky
292,Morro Bay,US,35.3658,-120.8499,50.14,73,0,1.99,clear sky
293,Coquimbo,CL,-29.9533,-71.3436,60.53,88,0,3.44,clear sky
294,Komsomolskiy,UZ,40.4272,71.7189,43.52,56,100,4.61,overcast clouds
295,Katsuura,JP,35.1333,140.3,51.12,52,5,27.27,clear sky
296,Pochutla,MX,15.7432,-96.4661,71.82,60,0,3.2,clear sky
297,Lewisporte,CA,49.2499,-55.0482,8.98,69,55,13.18,broken clouds
298,Chimoio,MZ,-19.1164,33.4833,75.06,83,75,12.66,broken clouds
299,Araioses,BR,-2.89,-41.9031,75.6,89,99,8.34,light rain
300,Matamoros,MX,25.5333,-103.25,58.23,35,0,4.74,clear sky
301,Port Lincoln,AU,-34.7333,135.8667,64.92,75,30,13.35,scattered clouds
302,Sabang,ID,5.8933,95.3214,82.47,72,100,1.74,overcast clouds
303,Alofi,NU,-19.0595,-169.9187,75.09,88,45,1.14,scattered clouds
304,Berlevag,NO,70.8578,29.0864,30.15,64,75,12.66,broken clouds
305,Grand-Bourg,GP,15.8835,-61.3148,75.15,74,10,24.65,clear sky
306,Kourou,GF,5.1552,-52.6478,78.12,91,100,11.07,overcast clouds
307,Faanui,PF,-16.4833,-151.75,80.42,75,25,15.35,light rain
308,Iskateley,RU,67.6803,53.1512,11.21,90,98,11.72,overcast clouds
309,Takapau,NZ,-40.0333,176.35,59.45,95,1,2.95,clear sky
310,Benoy,TD,8.9833,16.3199,80.65,10,4,6.04,clear sky
311,Ribeira Grande,PT,38.5167,-28.7,61.2,88,75,16.11,broken clouds
312,Atbasar,KZ,51.8,68.3333,13.33,89,94,13.62,overcast clouds
313,Solenzo,BF,12.1833,-4.0833,79.68,12,0,10.54,clear sky
314,Bayanday,RU,53.0661,105.5139,4.19,85,98,4.81,overcast clouds
315,Opuwo,NA,-18.0607,13.84,76.3,61,99,10.63,light rain
316,Cascais,PT,38.6979,-9.4215,57.51,80,40,20.0,scattered clouds
317,Arandas,MX,20.7,-102.35,52.3,48,20,2.01,few clouds
318,Provideniya,RU,64.3833,-173.3,-3.96,90,96,14.85,overcast clouds
319,Antofagasta,CL,-23.65,-70.4,63.68,85,40,2.35,scattered clouds
320,Codrington,AU,-38.2667,141.9667,63.93,72,100,11.12,light rain
321,Tornio,FI,65.8481,24.1466,15.82,84,100,11.83,overcast clouds
322,Mackay,AU,-21.15,149.2,79.68,89,40,12.66,light rain
323,Junin,AR,-34.5838,-60.9433,64.87,40,0,8.28,clear sky
324,Kutum,SD,14.2,24.6667,71.46,11,7,15.12,clear sky
325,Mount Gambier,AU,-37.8333,140.7667,66.11,59,100,11.5,overcast clouds
326,Fort Saint James,CA,54.4333,-124.25,20.5,97,21,3.2,few clouds
327,Udachnyy,RU,66.4167,112.4,-17.55,75,26,3.56,scattered clouds
328,Vitoria,BR,-20.3194,-40.3378,73.26,98,75,2.3,light rain
329,Ingham,US,42.6,-84.3833,37.18,68,0,12.66,clear sky
330,Luderitz,NA,-26.6481,15.1594,78.37,61,1,17.25,clear sky
331,Kristiansund,NO,63.1115,7.732,34.45,64,75,4.61,broken clouds
332,Zhigansk,RU,66.7697,123.3711,-33.57,99,37,5.23,scattered clouds
333,Bom Jardim,BR,-7.7958,-35.5872,73.74,80,98,3.53,overcast clouds
334,Praya,CV,14.9215,-23.5087,72.14,64,0,19.57,clear sky
335,Belomorsk,RU,64.5232,34.7668,26.51,97,100,3.36,light snow
336,Gebre Guracha,ET,9.8,38.4,73.56,24,8,4.07,clear sky
337,Suntar,RU,62.1444,117.6319,-14.3,98,97,3.15,overcast clouds
338,Olafsvik,IS,64.8945,-23.7142,32.86,76,100,13.33,light snow
339,Iquitos,PE,-3.7481,-73.2472,73.44,100,75,3.44,broken clouds
340,Kahului,US,20.8947,-156.47,71.83,75,40,10.36,scattered clouds
341,Katoro,TZ,-3.0203,31.8958,76.87,64,93,1.07,light rain
342,Comodoro Rivadavia,AR,-45.8667,-67.5,55.26,44,0,17.27,clear sky
343,Viedma,AR,-40.8135,-62.9967,70.93,48,61,21.65,broken clouds
344,Goalpara,IN,26.1667,90.6167,78.04,28,0,3.18,clear sky
345,Ilebo,CD,-4.3167,20.5833,73.27,95,100,2.1,overcast clouds
346,Murud,IN,18.3258,72.965,81.18,48,0,13.35,clear sky
347,Visnes,NO,59.3556,5.2242,41.05,81,40,14.97,scattered clouds
348,Sobolevo,RU,54.4299,31.8996,29.95,93,100,11.83,overcast clouds
349,Puerto Escondido,MX,15.85,-97.0667,75.83,69,0,5.3,clear sky
350,Patiya,BD,22.2931,91.9762,78.75,36,1,5.75,haze
351,Saint-Augustin,CA,51.226,-58.6502,-11.88,80,15,13.2,few clouds
352,Pingliang,CN,35.5392,106.6861,31.12,97,100,3.83,snow
353,Khatanga,RU,71.9667,102.5,-18.13,95,10,5.93,clear sky
354,Inyonga,TZ,-6.7167,32.0667,75.49,71,62,3.53,light rain
355,Mbini,GQ,1.574,9.6134,84.04,72,15,3.96,light rain
356,Jacareacanga,BR,-6.2222,-57.7528,71.24,99,100,1.25,overcast clouds
357,Buzuluk,RU,52.7807,52.2635,20.84,92,100,4.34,overcast clouds
358,Ketchikan,US,55.3422,-131.6461,39.67,100,100,0.0,overcast clouds
359,Roald,NO,62.5833,6.1333,37.33,87,75,4.61,broken clouds
360,Yumen,CN,40.2833,97.2,37.38,31,20,12.39,few clouds
361,Adrar,MR,20.5022,-10.0711,63.57,18,100,18.45,overcast clouds
362,Ust-Kuyga,RU,70.0167,135.6,-37.05,100,94,5.01,overcast clouds
363,Eyl,SO,7.9803,49.8164,84.24,35,39,19.48,scattered clouds
364,Thinadhoo,MV,0.5333,72.9333,82.36,71,100,15.39,overcast clouds
365,Natchez,US,31.5604,-91.4032,54.9,79,0,13.8,clear sky
366,Westport,US,41.1415,-73.3579,30.18,61,0,0.0,clear sky
367,Apricena,IT,41.7839,15.4437,50.09,64,23,10.4,few clouds
368,Sterling,US,39.0062,-77.4286,31.1,80,0,5.99,clear sky
369,Kaeo,NZ,-35.1,173.7833,67.32,75,100,1.05,overcast clouds
370,Naberera,TZ,-4.2,36.9333,75.09,61,86,4.92,light rain
371,Tommot,RU,58.9564,126.2925,-16.24,98,99,1.39,overcast clouds
372,Cerkezkoy,TR,41.285,28.0003,49.23,100,75,4.61,fog
373,Bam,IR,29.106,58.357,60.76,24,0,6.98,clear sky
374,Thomasville,US,35.8826,-80.082,37.11,77,1,4.07,clear sky
375,Basco,PH,20.4487,121.9702,72.9,71,24,12.21,few clouds
376,Choszczno,PL,53.169,15.4205,44.42,84,100,17.05,overcast clouds
377,Santiago Del Estero,AR,-27.7951,-64.2615,75.27,56,0,5.61,clear sky
378,Kungurtug,RU,50.5994,97.5228,10.78,77,100,7.52,overcast clouds
379,Tessalit,ML,20.1986,1.0114,68.27,17,100,13.91,overcast clouds
380,Nianzishan,CN,47.5167,122.8833,9.27,71,87,8.12,overcast clouds
381,Nanortalik,GL,60.1432,-45.2371,5.63,70,49,25.59,scattered clouds
382,Nome,US,64.5011,-165.4064,6.87,47,0,20.71,clear sky
383,Verkhnyaya Inta,RU,65.9811,60.3094,21.04,84,75,12.28,broken clouds
384,Langfang,CN,39.5097,116.6947,28.65,39,0,5.68,clear sky
385,Ostrovnoy,RU,68.0531,39.5131,15.78,95,90,7.45,overcast clouds
386,Rudnya,RU,54.947,31.0934,28.53,99,100,11.88,overcast clouds
387,Fernandopolis,BR,-20.2839,-50.2464,70.57,84,12,5.17,few clouds
388,Sharjah,AE,25.3573,55.4033,80.76,45,20,6.91,few clouds
389,Akdepe,TM,42.0551,59.3788,37.49,41,11,6.46,few clouds
390,Necochea,AR,-38.5473,-58.7368,70.03,53,81,14.0,broken clouds
391,Porto Novo,BJ,6.4965,2.6036,82.22,64,36,7.67,scattered clouds
392,Waw,SS,7.7029,27.9953,91.11,10,14,8.48,few clouds
393,Henties Bay,NA,-22.116,14.2845,73.85,85,92,10.96,overcast clouds
394,Sedan,FR,49.6667,5.0,49.91,98,100,16.2,overcast clouds
395,Mitsamiouli,KM,-11.3847,43.2844,82.69,78,20,4.61,moderate rain
396,Shieli,KZ,44.1667,66.75,34.0,49,0,7.96,clear sky
397,Wad Rawah,SD,15.1603,33.1397,85.62,16,60,15.23,broken clouds
398,Guilin,CN,25.2819,110.2864,46.51,92,100,4.05,overcast clouds
399,Sitka,US,57.0531,-135.33,39.09,93,100,3.44,mist
400,Cap Malheureux,MU,-19.9842,57.6142,86.47,70,71,8.01,broken clouds
401,Port Macquarie,AU,-31.4333,152.9167,75.16,68,0,9.75,clear sky
402,Vaitape,PF,-16.5167,-151.75,80.44,75,25,15.41,light rain
403,Kristiinankaupunki,FI,62.2743,21.376,32.36,98,100,10.54,light snow
404,Xingyi,CN,24.1877,102.817,67.8,19,0,16.37,clear sky
405,Kota Belud,MY,6.351,116.4305,87.66,86,59,2.62,broken clouds
406,Jaciara,BR,-15.9653,-54.9683,70.84,95,93,1.34,overcast clouds
407,Fomboni,KM,-12.28,43.7425,83.1,72,100,7.76,overcast clouds
408,Salo,IT,45.6086,10.531,50.79,60,78,0.56,broken clouds
409,Ayan,RU,56.45,138.1667,9.77,82,100,7.87,overcast clouds
410,Albion,US,42.2431,-84.753,37.35,66,0,8.05,clear sky
411,Mezen,RU,65.8522,44.24,21.76,94,100,2.57,overcast clouds
412,Alakurtti,RU,66.9672,30.3491,15.62,93,79,2.62,broken clouds
413,Duvan,RU,55.695,57.9024,24.31,90,100,10.31,overcast clouds
414,Lahaina,US,20.8783,-156.6825,71.8,82,46,10.49,scattered clouds
415,Fallon,US,39.4735,-118.7774,26.47,68,0,8.05,clear sky
416,Sibolga,ID,1.7427,98.7792,81.16,80,100,3.78,overcast clouds
417,Severo-Kurilsk,RU,50.6789,156.125,26.92,76,100,9.01,overcast clouds
418,Namibe,AO,-15.1961,12.1522,80.56,66,86,6.2,overcast clouds
419,Tual,ID,-5.6667,132.75,83.35,71,9,7.34,light rain
420,Pandhana,IN,21.7,76.2167,84.43,20,5,4.03,clear sky
421,Nadym,RU,65.5333,72.5167,0.55,94,100,13.8,overcast clouds
422,Beloha,MG,-25.1667,45.05,92.68,42,0,13.91,clear sky
423,Atasu,KZ,48.6814,71.6433,9.46,91,71,4.68,broken clouds
424,Irricana,CA,51.3237,-113.6048,18.52,92,100,9.42,light snow
425,Hulyaypole,UA,47.6653,36.2578,41.04,67,59,7.2,broken clouds
426,Flin Flon,CA,54.7682,-101.865,-7.19,88,100,15.39,overcast clouds
427,Iqaluit,CA,63.7506,-68.5145,-25.87,75,100,8.05,light snow
428,Bubaque,GW,11.2833,-15.8333,77.49,44,4,14.79,clear sky
429,Naryan-Mar,RU,67.6713,53.087,11.26,90,98,11.65,overcast clouds
430,Skibbereen,IE,51.55,-9.2667,55.2,94,100,28.21,overcast clouds
431,Ilulissat,GL,69.2167,-51.1,3.22,72,100,10.36,overcast clouds
432,Kaduqli,SD,11.0167,29.7167,86.99,8,11,13.73,few clouds
433,Tocopilla,CL,-22.092,-70.1979,67.75,83,76,3.27,broken clouds
434,Aljezur,PT,37.3191,-8.8033,53.02,78,28,4.68,scattered clouds
435,Bambanglipuro,ID,-7.95,110.2833,82.8,77,72,9.6,broken clouds
436,Tuy Hoa,VN,13.0833,109.3,76.21,87,88,7.47,overcast clouds
437,Luorong,CN,24.4058,109.6086,51.08,91,100,4.5,overcast clouds
438,Maningrida,AU,-12.0667,134.2667,83.97,69,41,8.14,scattered clouds
439,Awbari,LY,26.5921,12.7805,66.02,19,100,6.11,overcast clouds
440,Raudeberg,NO,61.9875,5.1352,38.07,92,100,3.0,light snow
441,Nouadhibou,MR,20.931,-17.0347,62.58,72,92,25.32,overcast clouds
442,Tazovskiy,RU,67.4667,78.7,-17.07,98,70,7.61,broken clouds
443,Skelleftea,SE,64.7507,20.9528,21.0,66,100,10.36,overcast clouds
444,Toora-Khem,RU,52.4675,96.11,16.21,87,100,6.58,light snow
445,Broken Hill,AU,-31.95,141.4333,87.51,25,95,19.57,overcast clouds
446,Ucluelet,CA,48.9329,-125.5528,39.04,90,27,2.55,scattered clouds
447,Stromness,GB,58.965,-3.296,37.65,80,100,2.55,overcast clouds
448,Manggar,ID,-2.8833,108.2667,82.31,74,47,4.85,scattered clouds
449,Ripoll,ES,42.2006,2.1903,47.59,52,100,1.95,overcast clouds
450,Bandarbeyla,SO,9.4942,50.8122,78.76,49,6,19.19,clear sky
451,Ellisras,ZA,-23.6649,27.7443,86.41,36,16,8.16,few clouds
452,Almeirim,BR,-1.5233,-52.5817,71.83,98,98,1.86,heavy intensity rain
453,Kurilsk,RU,45.2333,147.8833,26.26,65,75,10.11,broken clouds
454,Khani,GE,41.9563,42.9566,38.77,93,19,1.88,few clouds
455,Beni Suef,EG,29.0731,31.0979,62.98,39,0,15.82,clear sky
456,Axim,GH,4.8699,-2.2405,82.31,76,87,7.72,overcast clouds
457,Matay,EG,28.419,30.7792,63.0,38,1,17.07,clear sky
458,Angren,UZ,41.0167,70.1436,33.57,61,78,3.36,broken clouds
459,Avera,US,33.194,-82.5271,46.27,92,0,6.93,clear sky
460,Lithakia,GR,37.7167,20.8333,58.37,77,75,16.11,broken clouds
461,Batemans Bay,AU,-35.7167,150.1833,75.09,74,75,10.74,broken clouds
462,Davila,PH,18.4726,120.5763,82.38,79,98,26.26,overcast clouds
463,Marystown,CA,47.1666,-55.1483,18.86,100,100,11.99,overcast clouds
464,Santa Isabel,BR,-23.3156,-46.2214,71.65,96,88,2.44,overcast clouds
465,Maridi,SS,4.9158,29.4742,93.79,12,36,5.46,scattered clouds
466,Burnie,AU,-41.0667,145.9167,62.94,95,100,8.7,light rain
467,Maues,BR,-3.3836,-57.7186,71.55,99,100,2.71,overcast clouds
468,Nicoya,CR,10.1483,-85.452,74.39,71,8,11.68,clear sky
469,Portland,US,45.5234,-122.6762,46.74,88,75,5.01,broken clouds
470,Jijiga,ET,9.35,42.8,80.19,15,84,12.01,broken clouds
471,Harper,LR,4.375,-7.7169,82.15,77,64,5.73,broken clouds
472,Pecos,US,31.4229,-103.4932,61.3,50,11,3.44,few clouds
473,Korla,CN,41.7597,86.1469,37.04,43,29,18.3,scattered clouds
474,Mana,GF,5.6592,-53.7767,75.42,89,100,12.71,overcast clouds
475,Balsas,BR,-7.5325,-46.0356,70.97,96,96,2.51,overcast clouds
476,Wanning,CN,18.8003,110.3967,73.36,85,88,10.29,overcast clouds
477,Cruzeiro Do Sul,BR,-29.5128,-51.9853,64.53,92,0,2.06,clear sky
478,Arrecife,ES,28.963,-13.5477,64.47,72,20,10.36,few clouds
479,Bilibino,RU,68.0546,166.4372,-27.65,99,15,3.06,few clouds
480,Khash,IR,28.2211,61.2158,58.84,23,0,1.45,clear sky
481,Yaan,NG,7.3833,8.5667,85.8,56,7,7.49,clear sky
482,Azuaga,ES,38.2667,-5.6833,40.46,89,54,5.32,broken clouds
483,Phan Thiet,VN,10.9333,108.1,82.89,66,9,16.73,clear sky
484,Ballina,AU,-28.8667,153.5667,75.38,74,100,6.91,overcast clouds
485,Oranjemund,NA,-28.55,16.4333,70.14,76,83,14.27,broken clouds
486,Tabas,IR,33.5959,56.9244,58.55,25,0,3.33,clear sky
487,San Jose,US,37.3394,-121.895,56.77,56,0,10.36,clear sky
488,Karasburg,NA,-28.0167,18.75,77.65,51,92,5.19,overcast clouds
489,Tarko-Sale,RU,64.9225,77.785,1.04,91,100,8.86,overcast clouds
490,Ziniare,BF,12.5822,-1.2983,75.24,10,1,12.59,clear sky
491,Abu Zabad,SD,12.35,29.25,82.18,10,76,18.84,broken clouds
492,Tamandare,BR,-8.7597,-35.1047,76.64,78,16,2.77,few clouds
493,Villa Carlos Paz,AR,-31.4241,-64.4978,70.39,58,0,5.32,clear sky
494,Monchegorsk,RU,67.9397,32.8739,14.72,96,100,2.64,overcast clouds
495,Talnakh,RU,69.4865,88.3972,-16.19,90,27,3.15,scattered clouds
496,Krasnaya Gora,RU,52.9995,31.6023,33.75,92,100,10.6,overcast clouds
497,Newport,GB,51.5877,-2.9984,56.17,88,80,5.99,broken clouds
498,Khlevnoye,RU,52.1951,39.0932,26.62,88,9,10.92,clear sky
499,Port Said,EG,31.2565,32.2841,60.78,63,40,6.91,scattered clouds
500,Pedernales,DO,18.0384,-71.744,74.95,60,5,3.04,clear sky
501,Yola,NG,9.2,12.4833,84.02,24,1,8.05,clear sky
502,Ahipara,NZ,-35.1667,173.1667,63.18,78,100,7.87,overcast clouds
503,Shakiso,ET,5.75,38.9167,85.98,21,11,2.8,few clouds
504,Jumla,NP,29.2747,82.1838,46.44,54,39,6.22,scattered clouds
505,Skjervoy,NO,70.0311,20.9714,19.58,68,1,14.03,clear sky
506,Asyut,EG,27.181,31.1837,57.38,33,0,14.38,clear sky
507,Kysyl-Syr,RU,63.8986,122.7617,-24.86,100,68,3.38,broken clouds
508,Slave Lake,CA,55.2834,-114.769,3.18,66,100,5.75,overcast clouds
509,Okha,RU,53.5739,142.9478,13.42,93,100,18.05,light snow
510,Hajnowka,PL,52.7433,23.5812,40.46,84,97,11.07,overcast clouds
511,Kawalu,ID,-7.3817,108.2082,81.82,75,86,4.54,overcast clouds
512,Palmer,US,42.1584,-72.3287,18.18,77,0,0.0,clear sky
513,Klyuchi,RU,52.2667,79.1667,8.24,88,100,11.56,overcast clouds
514,Kargasok,RU,59.0556,80.8572,3.88,89,65,4.85,broken clouds
515,La Palma,US,33.8464,-118.0467,56.21,87,100,3.44,overcast clouds
516,Vrangel,RU,42.7297,133.0839,23.18,70,100,14.54,overcast clouds
517,Grao Mogol,BR,-16.5594,-42.8897,64.78,96,33,0.6,scattered clouds
518,Wakkanai,JP,45.4094,141.6739,22.98,80,75,18.41,broken clouds
519,Half Moon Bay,US,37.4636,-122.4286,56.82,58,20,12.66,haze
520,Derac,HT,19.65,-71.8167,69.58,88,3,4.92,clear sky
521,Gambo,CF,4.6482,22.2633,94.73,9,82,5.21,broken clouds
522,Nakhodka,RU,42.8333,132.8947,21.94,71,100,13.38,overcast clouds
523,Auki,SB,-8.7676,160.7034,77.94,88,83,4.97,broken clouds
524,Almaznyy,RU,48.0448,40.045,32.14,78,57,13.98,broken clouds
525,Rafsanjan,IR,30.4067,55.9939,55.85,26,0,4.14,clear sky
526,Gardez,AF,33.5974,69.2259,34.74,68,5,2.01,clear sky
527,Tallahassee,US,30.4383,-84.2807,54.64,86,0,0.0,clear sky
528,Pathein,MM,16.7833,94.7333,89.44,34,25,16.11,scattered clouds
529,Pachino,IT,36.7186,15.0907,51.84,58,0,22.93,clear sky
530,Den Helder,NL,52.9599,4.7593,51.94,94,40,26.46,scattered clouds
531,Chabahar,IR,25.2919,60.643,75.18,40,0,5.5,clear sky
532,Aksarka,RU,66.5606,67.7975,-1.59,99,91,2.51,overcast clouds
533,Urengoy,RU,65.9667,78.3667,-5.58,96,88,7.05,overcast clouds
534,Faya,SA,18.3851,42.4509,66.31,35,3,9.51,clear sky
535,Les Herbiers,FR,46.8667,-1.0167,53.31,92,100,17.94,overcast clouds
536,Lukulu,ZM,-14.3707,23.242,78.3,61,55,10.74,broken clouds
537,Palauig,PH,15.435,119.9045,81.63,73,68,8.57,broken clouds
538,Mwingi,KE,-0.9344,38.0601,87.58,32,3,5.26,clear sky
539,Paita,PE,-5.0892,-81.1144,72.09,78,98,10.89,overcast clouds
540,Belaya Gora,RU,68.5333,146.4167,-32.57,100,6,1.86,clear sky
541,Prince Rupert,CA,54.3161,-130.3201,40.69,100,100,4.61,light rain
542,Lowestoft,GB,52.4752,1.7516,55.65,94,92,22.73,overcast clouds
543,Havoysund,NO,70.9963,24.6622,25.68,67,99,10.94,overcast clouds
544,Carbonia,IT,39.1672,8.5222,50.65,83,73,21.03,broken clouds
545,Volksrust,ZA,-27.3654,29.8818,80.46,37,16,4.09,few clouds
546,Longyan,CN,25.1072,117.0225,59.25,84,98,2.91,overcast clouds
547,Dongsheng,CN,39.8161,109.9776,24.57,27,85,3.38,overcast clouds
548,Lorengau,PG,-2.0226,147.2712,79.09,84,100,5.64,overcast clouds
549,Poum,NC,-20.2333,164.0167,81.7,76,35,4.56,light rain
550,Boulder,US,40.0833,-105.3505,33.73,68,100,1.01,overcast clouds
551,Svetlogorsk,BY,52.6333,29.7333,33.87,90,100,9.1,overcast clouds
552,Keti Bandar,PK,24.1447,67.4497,79.7,41,0,13.56,clear sky
553,High Level,CA,58.5169,-117.136,-7.49,71,100,10.36,overcast clouds
554,Hobyo,SO,5.3505,48.5268,81.55,58,38,20.15,scattered clouds
555,Kaele,CM,10.1092,14.4508,84.76,10,2,12.91,clear sky
556,Watsa,CD,3.0372,29.5355,91.0,20,8,4.38,clear sky
557,Bemidji,US,47.4736,-94.8803,19.9,86,100,10.36,overcast clouds
558,Innisfail,AU,-17.5333,146.0333,76.55,92,87,4.09,light rain
559,Padang,ID,-0.9492,100.3543,78.85,70,75,7.27,broken clouds
560,Shenzhen,CN,22.5455,114.0683,71.08,84,62,10.25,broken clouds
561,Elmira,US,42.0898,-76.8077,25.79,74,100,12.12,overcast clouds
562,Rio Gallegos,AR,-51.6226,-69.2181,39.25,75,0,11.5,clear sky
563,Terrak,NO,65.087,12.3715,30.07,74,98,13.06,overcast clouds
564,Marsa Matruh,EG,31.3525,27.2453,61.0,55,40,4.61,scattered clouds
565,Ugra,RU,54.7777,34.3267,27.88,89,87,8.77,overcast clouds
566,Ofaqim,IL,31.3141,34.6203,59.4,46,33,2.77,scattered clouds
567,Cepelare,BG,41.7333,24.6833,28.02,65,100,3.91,overcast clouds
568,Springfield,US,37.2153,-93.2982,54.55,66,0,15.01,clear sky
569,Popondetta,PG,-8.7537,148.2534,76.46,92,98,1.12,heavy intensity rain
570,Buraydah,SA,26.326,43.975,66.65,13,33,9.51,scattered clouds
571,Jining,CN,35.405,116.5814,42.13,33,10,8.14,clear sky
572,Susanville,US,40.4163,-120.653,26.44,82,0,3.0,clear sky
573,Temirtau,KZ,50.0544,72.9483,7.05,91,100,11.9,overcast clouds
574,Camacha,PT,33.0833,-16.3333,58.42,59,75,13.8,broken clouds
575,Antigonish,CA,45.6169,-61.9986,11.93,81,45,3.0,scattered clouds
576,Qom,IR,34.6401,50.8764,52.32,38,4,8.99,clear sky
577,Shubarshi,KZ,48.5872,57.1869,24.58,87,18,8.93,few clouds
578,Kovdor,RU,67.5662,30.4758,9.77,98,99,2.84,overcast clouds
579,Itarema,BR,-2.9248,-39.9167,77.65,81,89,8.1,overcast clouds
580,Guozhen,CN,34.3659,107.359,41.14,81,100,6.13,overcast clouds
581,Ulladulla,AU,-35.35,150.4667,76.1,74,91,14.79,overcast clouds
582,Bharatpur,IN,27.2167,77.4833,80.08,21,0,6.33,clear sky
583,Rabo De Peixe,PT,37.8,-25.5833,61.29,84,75,12.66,broken clouds
584,Dongzhen,CN,22.3797,110.9389,68.9,68,100,5.03,overcast clouds
585,Leningradskiy,RU,69.3833,178.4167,-18.22,98,100,6.69,overcast clouds
586,Longkou,CN,37.6508,120.3286,25.66,49,4,18.45,clear sky
587,Sile,TR,41.1754,29.6133,52.47,63,9,3.0,clear sky
588,Farah,AF,32.5,62.5,52.88,29,0,4.76,clear sky
589,Katsina,NG,12.9894,7.6006,71.49,30,0,4.61,clear sky
590,La Rioja,ES,42.25,-2.5,42.58,68,99,4.79,overcast clouds
591,Grajau,BR,-5.8194,-46.1386,70.21,99,93,2.68,overcast clouds
592,Aurad,IN,18.25,77.4333,88.38,20,2,7.76,clear sky
593,Salinopolis,BR,-0.6136,-47.3561,77.43,88,100,10.85,overcast clouds
594,Amahai,ID,-3.3333,128.9167,81.52,81,80,3.56,light rain
595,Aden,YE,12.7794,45.0367,76.95,71,99,8.41,overcast clouds
596,Shimoda,JP,34.6667,138.95,40.1,54,23,28.23,few clouds
597,Karoi,ZW,-16.8099,29.6925,74.88,61,95,6.26,overcast clouds
598,Chara,RU,56.9064,118.2631,-14.46,91,17,2.13,few clouds
599,Goundam,ML,16.4145,-3.6708,70.43,14,11,16.26,few clouds
600,Cervo,ES,43.6702,-7.4101,55.96,86,100,16.2,overcast clouds
601,Ilorin,NG,8.5,4.55,84.07,58,20,7.27,few clouds
602,Zeya,RU,53.75,127.2667,2.41,89,74,4.27,broken clouds
603,Constitucion,CL,-35.3333,-72.4167,54.16,86,0,5.91,clear sky
604,Senica,SK,48.6792,17.367,46.22,70,11,6.93,few clouds
605,Muroto,JP,33.2833,134.15,42.84,54,12,29.06,few clouds
606,Ornskoldsvik,SE,63.2909,18.7153,24.62,100,100,4.61,overcast clouds
607,Tevaitoa,PF,-16.7833,-151.5,81.59,72,27,16.62,scattered clouds
608,Osa,RU,57.2829,55.4567,29.61,93,99,10.09,overcast clouds
609,Ponta Delgada,PT,37.7333,-25.6667,62.51,77,75,12.66,broken clouds
610,Metro,ID,-5.1131,105.3067,85.71,65,99,10.22,overcast clouds
611,Kirakira,SB,-10.4544,161.9205,81.48,79,100,1.86,overcast clouds
612,Peniche,PT,39.3558,-9.3811,57.61,79,42,7.65,scattered clouds
613,Canberra,AU,-35.2835,149.1281,85.5,35,63,9.22,broken clouds
614,Huarmey,PE,-10.0681,-78.1522,70.66,83,100,9.26,overcast clouds
615,Peachtree City,US,33.3968,-84.5958,48.49,65,0,4.61,clear sky
616,Olavarria,AR,-36.8927,-60.3225,63.3,50,4,4.23,clear sky
617,Lamu,KE,-2.2717,40.902,86.22,65,2,10.36,clear sky
618,Dandong,CN,40.1292,124.3947,15.87,49,81,14.09,broken clouds
619,Santa Fe,AR,-31.6333,-60.7,73.02,55,0,4.0,light rain
620,Oshnaviyeh,IR,37.0397,45.0983,35.85,92,100,4.54,overcast clouds
621,Teguldet,RU,57.3064,88.1667,15.15,81,59,8.5,broken clouds
622,Bontang,ID,0.1333,117.5,81.37,73,100,5.39,overcast clouds
623,Awjilah,LY,29.1081,21.2869,63.23,38,100,11.97,overcast clouds
624,Alice Springs,AU,-23.7,133.8833,96.22,43,64,10.36,broken clouds
625,Aswan,EG,24.0934,32.907,63.7,42,0,11.5,clear sky
626,Esperance,AU,-33.8667,121.9,73.24,69,49,14.09,scattered clouds
627,Pisco,PE,-13.7,-76.2167,68.05,77,0,10.36,clear sky
628,Pacific Grove,US,36.6177,-121.9166,53.96,81,0,5.01,clear sky
629,Along,IN,28.1667,94.7667,75.22,26,2,2.95,clear sky
630,Plouzane,FR,48.3833,-4.6167,54.09,100,100,20.71,light intensity drizzle
631,Rawson,AR,-43.3002,-65.1023,63.34,54,45,20.07,scattered clouds
632,Okakarara,NA,-20.5833,17.4333,80.42,36,20,14.14,few clouds
633,Christchurch,NZ,-43.5333,172.6333,62.02,74,74,10.36,broken clouds
634,Urucui,BR,-7.2294,-44.5561,72.05,95,42,2.21,scattered clouds
635,El Copey,CO,10.1503,-73.9614,75.07,61,100,3.89,overcast clouds
636,Mushie,CD,-3.0167,16.9,80.85,73,100,4.09,overcast clouds
637,Ouadda,CF,8.0777,22.4007,91.72,8,83,8.68,broken clouds
638,Shenkursk,RU,62.1091,42.896,31.57,93,100,12.06,overcast clouds
639,Quelimane,MZ,-17.8786,36.8883,76.95,94,75,4.61,thunderstorm with rain
640,Sande,DE,53.5049,8.0142,48.0,91,100,25.43,overcast clouds
641,Illapel,CL,-31.6308,-71.1653,64.69,74,0,2.17,clear sky
642,Tabou,CI,4.423,-7.3528,82.09,78,33,6.08,scattered clouds
643,Ust-Kulom,RU,61.6864,53.6902,31.33,95,100,8.99,light snow
644,Bandar-E Lengeh,IR,26.5579,54.8807,75.31,53,0,6.91,clear sky
645,Matata,NZ,-37.8833,176.75,67.84,83,63,7.65,broken clouds
646,Egvekinot,RU,66.3167,-179.1667,-15.93,89,12,12.46,few clouds
647,Barra Patuca,HN,15.8,-84.2833,73.17,85,23,4.21,few clouds
648,Sri Aman,MY,1.2376,111.4621,89.65,66,40,3.44,scattered clouds
649,Pilar,BR,-9.5972,-35.9567,73.33,83,7,3.06,clear sky
650,Jejuri,IN,18.2833,74.1667,83.03,20,0,4.56,clear sky
651,Sao Joao Da Barra,BR,-21.6403,-41.0511,72.72,92,93,8.77,overcast clouds
652,Ribas Do Rio Pardo,BR,-20.4431,-53.7592,73.71,79,75,3.06,broken clouds
653,Los Llanos De Aridane,ES,28.6585,-17.9182,60.55,69,75,13.8,broken clouds
654,Ossora,RU,59.2353,163.0719,-4.9,81,99,7.27,overcast clouds
655,Sangar,RU,63.9242,127.4739,-26.79,100,76,2.51,broken clouds
656,Mogadishu,SO,2.0371,45.3438,84.07,65,40,21.85,scattered clouds
657,Diffa,NE,13.3154,12.6113,84.52,13,51,16.71,broken clouds
658,Maceio,BR,-9.6658,-35.7353,74.64,88,75,3.44,broken clouds
659,Bogorodskoye,RU,56.55,37.8833,30.09,85,98,12.62,overcast clouds
660,Mongoumba,CF,3.6415,18.5936,97.52,17,82,3.58,broken clouds
661,Nemuro,JP,43.3236,145.575,23.43,70,98,16.91,overcast clouds
662,Tolmachevo,RU,54.9824,82.7363,8.58,66,75,11.18,broken clouds
663,Eureka,US,40.8021,-124.1637,47.57,91,1,1.01,clear sky
664,Baishishan,CN,43.5833,127.5667,7.09,90,100,7.56,overcast clouds
665,Kamenka,RU,51.3223,42.7678,23.74,85,88,7.56,overcast clouds
666,Lavrentiya,RU,65.5833,-171.0,-15.65,93,57,9.51,broken clouds
667,Andenes,NO,69.3143,16.1194,26.58,63,0,23.02,clear sky
668,Martapura,ID,-3.4167,114.85,86.09,66,40,6.91,light rain
669,Smithers,CA,54.7804,-127.1743,30.52,86,0,4.61,clear sky
670,Katherine,AU,-14.4667,132.2667,95.32,43,86,10.36,overcast clouds
671,Casper,US,42.8666,-106.3131,27.72,91,100,6.91,mist
672,Jogindarnagar,IN,31.9833,76.7667,61.84,33,1,6.51,clear sky
673,Rumonge,BI,-3.9736,29.4386,77.22,72,99,3.33,light rain
674,Daokou,CN,35.5639,114.5058,40.03,31,57,9.66,broken clouds
675,Tigil,RU,57.8,158.6667,0.95,87,97,5.59,overcast clouds
676,Quatre Cocos,MU,-20.2078,57.7625,86.09,74,93,14.97,light rain
677,Mackenzie,CA,55.2999,-123.1698,17.82,93,75,2.3,broken clouds
678,Ko Samui,TH,9.5357,99.9357,75.11,83,100,12.66,thunderstorm with light rain
679,Gebze,TR,40.8028,29.4307,50.95,50,0,6.91,clear sky
680,North Bend,US,43.4065,-124.2243,42.85,97,100,4.61,mist
681,San Bartolome De Tirajana,ES,27.9248,-15.5733,52.27,64,20,16.11,few clouds
682,Cacu,BR,-18.5567,-51.1308,70.75,90,89,1.86,overcast clouds
683,Odweyne,SO,9.4092,45.064,82.27,18,39,2.53,scattered clouds
684,Nabire,ID,-3.3667,135.4833,77.25,91,100,1.79,overcast clouds
685,Lempaala,FI,61.3167,23.75,34.97,93,40,9.22,light snow
686,Margate,GB,51.3813,1.3862,54.97,86,100,5.01,overcast clouds
687,Charters Towers,AU,-20.1,146.2667,77.9,75,77,9.24,moderate rain
688,Santa Elena,EC,-2.2333,-80.85,74.59,78,100,5.57,overcast clouds
689,Gimli,CA,50.6336,-96.9907,4.42,85,100,5.75,overcast clouds
690,Yarmouth,US,41.7057,-70.2286,26.96,62,0,0.0,clear sky
691,Conceicao Do Araguaia,BR,-8.2578,-49.2647,71.02,99,100,3.94,heavy intensity rain
692,Arco,IT,45.9177,10.8867,50.88,57,93,1.59,overcast clouds
693,Sandviken,SE,60.6167,16.7667,36.7,93,100,6.44,light snow
694,Chegdomyn,RU,51.1167,133.0167,-3.39,98,10,2.37,clear sky
695,Alcudia,ES,39.8532,3.1214,61.2,61,100,12.03,overcast clouds
696,San Antonio,US,29.4241,-98.4936,63.05,86,75,9.22,broken clouds
697,Poso,ID,-1.3959,120.7524,83.79,68,25,3.2,scattered clouds
698,Sidi Ali,DZ,36.0998,0.4206,51.82,50,25,7.72,scattered clouds
699,Benidorm,ES,38.5382,-0.131,62.49,47,44,6.44,scattered clouds
700,Kirkwall,GB,58.9848,-2.9587,37.74,87,75,4.61,broken clouds
701,Barabai,ID,-2.5833,115.3833,81.09,90,97,0.81,overcast clouds
702,Port Hardy,CA,50.6996,-127.4199,43.75,87,20,10.36,few clouds
703,Talas,TR,38.6908,35.5538,30.87,59,75,0.0,broken clouds
704,San Matias,BO,-16.3667,-58.4,72.88,96,57,4.12,broken clouds
705,Haines Junction,CA,60.7522,-137.5108,4.95,92,100,1.14,overcast clouds
706,Sorong,ID,-0.8833,131.25,81.95,77,100,7.0,moderate rain
707,Abu Samrah,SY,35.3029,37.1841,55.2,57,19,5.59,few clouds
708,Mulchen,CL,-37.7167,-72.2333,50.22,85,0,4.54,clear sky
709,Chingola,ZM,-12.529,27.8838,63.77,97,100,5.93,light rain
710,Xiaoweizhai,CN,26.1903,107.5125,45.63,97,100,3.65,overcast clouds
711,Hayden,US,47.766,-116.7866,37.44,75,100,3.44,overcast clouds
712,Bodden Town,KY,19.2833,-81.25,77.94,81,7,7.0,clear sky
